drop database if exists Perez_Lara_Cia_LTDA;
create database if not exists Perez_Lara_Cia_LTDA;
use Perez_Lara_Cia_LTDA;

drop table if exists tipo_documento;
create table if not exists tipo_documento
(
    id_tipo_documento     int auto_increment primary key,
    descripcion_documento varchar(45) not null,
    abreviacion           varchar(2)  not null
);

drop table if exists estado;
create table if not exists estado
(
    id_estado int auto_increment primary key,
    estado    varchar(45) not null
);

/* Usuarios
   =========== */
drop table if exists tipo_usuario;
create table if not exists tipo_usuario
(
    id_tipo_usuario int auto_increment primary key,
    tipo_usuario    tinyint(1) not null
);

drop table if exists usuario;
create table if not exists usuario
(
    documento        varchar(20) primary key,
    primer_nombre    varchar(45)  not null,
    segundo_nombre   varchar(45),
    primer_apellido  varchar(45)  not null,
    segundo_apellido varchar(45),
    celular          varchar(15)  not null,
    email            varchar(45)  not null unique,
    clave            varchar(256) not null,
    foto_perfil      varchar(150) not null,
    tipo_documento   int          not null,
    tipo_usuario     int          not null,
    estado           int          not null,
    foreign key (tipo_documento) references tipo_documento (id_tipo_documento),
    foreign key (tipo_usuario) references tipo_usuario (id_tipo_usuario),
    foreign key (estado) references estado (id_estado)
);

drop table if exists notificacion;
create table if not exists notificacion
(
    id_notificacion int auto_increment primary key,
    fecha           datetime not null,
    titulo          varchar(45) not null,
    mensaje         varchar(45) not null
);

drop table if exists notificacion_usuario;
create table if not exists notificacion_usuario
(
    id_notificacion_usuario int auto_increment primary key,
    documento_usuario       varchar(11) not null,
    notificacion            int         not null,
    estado                  int         not null,
    foreign key (documento_usuario) references usuario (documento) on update cascade,
    foreign key (notificacion) references notificacion (id_notificacion),
    foreign key (estado) references estado (id_estado)
);

/* Clientes
   =========== */
drop table if exists departamento;
create table if not exists departamento
(
    id_departamento int auto_increment primary key,
    departamento    varchar(60) not null
);

drop table if exists ciudad;
create table if not exists ciudad
(
    id_ciudad    int auto_increment primary key,
    ciudad       varchar(60) not null,
    departamento int         not null,
    foreign key (departamento) references departamento (id_departamento)
);

drop table if exists cliente;
create table if not exists cliente
(
    documento        varchar(20) primary key,
    primer_nombre    varchar(45)  not null,
    segundo_nombre   varchar(45),
    primer_apellido  varchar(45)  not null,
    segundo_apellido varchar(45),
    fecha_nacimiento date         not null,
    email            varchar(45)  not null,
    telefono1        varchar(15)  not null,
    telefono2        varchar(15),
    direccion1       varchar(100) not null,
    direccion2       varchar(100),
    tipo_documento   int          not null,
    ciudad           int          not null,
    estado           int          not null,
    fecha_ingreso    date         not null,
    foreign key (tipo_documento) references tipo_documento (id_tipo_documento),
    foreign key (ciudad) references ciudad (id_ciudad),
    foreign key (estado) references estado (id_estado)
);

/* Productos
   =========== */
drop table if exists aseguradora;
create table if not exists aseguradora
(
    id_aseguradora int auto_increment primary key,
    aseguradora    varchar(45)  not null,
    logo           varchar(150) not null
);

drop table if exists seguro;
create table if not exists seguro
(
    id_seguro int auto_increment primary key,
    seguro    varchar(45)  not null,
    imagen    varchar(150) not null
);

drop table if exists seguro_aseguradora;
create table if not exists seguro_aseguradora
(
    id_seguro_aseguradora int auto_increment primary key,
    seguro                int not null,
    aseguradora           int not null,
    estado         int not null,
    foreign key (seguro) references seguro (id_seguro),
    foreign key (aseguradora) references aseguradora (id_aseguradora),
    foreign key (estado) references estado (id_estado)
);

/* Trabajo
   =========== */
drop table if exists cotizacion;
create table if not exists cotizacion
(
    id_cotizacion       int auto_increment primary key,
    documento_cliente   varchar(20)  not null,
    fecha               date         not null,
    seguro              int          not null,
    cuadro_comparativo  varchar(150) not null,
    estado              int          not null,
    fecha_actualizacion date         null,
    foreign key (documento_cliente) references cliente (documento) on update cascade,
    foreign key (seguro) references seguro (id_seguro),
    foreign key (estado) references estado (id_estado)
);

drop table if exists cobertura;
create table if not exists cobertura
(
    id_cobertura int auto_increment primary key,
    cobertura varchar(130) not null
);

drop table if exists aseguradora_cotizante;
create table if not exists aseguradora_cotizante
(
    id_aseguradora_cotizante int auto_increment primary key,
    cotizacion               int not null,
    aseguradora              int not null,
    valor_prima              double not null,
    foreign key (cotizacion) references cotizacion (id_cotizacion),
    foreign key (aseguradora) references aseguradora (id_aseguradora)
);

drop table if exists cobertura_cotizacion;
create table if not exists cobertura_cotizacion
(
    id_cobertura_cotizacion int auto_increment primary key,
    id_aseguradora_cotizante int not null,
    id_cobertura int not null,
    precio varchar(20) not null,
    deducible varchar(20) not null,
    foreign key (id_aseguradora_cotizante) references aseguradora_cotizante(id_aseguradora_cotizante),
    foreign key (id_cobertura) references cobertura(id_cobertura)
);

drop table if exists poliza;
create table if not exists poliza
(
    codigo              int primary key,
    documento_cliente   varchar(20)  not null,
    fecha               date         not null,
    seguro              int          not null,
    aseguradora         int          not null,
    valor_asegurado     double       not null,
    valor_prima         double       not null,
    archivo             varchar(150) not null,
    estado              int          not null,
    fecha_actualizacion date         null,
    foreign key (documento_cliente) references cliente (documento) on update cascade,
    foreign key (seguro) references seguro (id_seguro),
    foreign key (aseguradora) references aseguradora (id_aseguradora),
    foreign key (estado) references estado (id_estado)
);

drop table if exists siniestro;
create table if not exists siniestro
(
    id_siniestro  int auto_increment primary key,
    fecha         date          not null,
    descripcion   varchar(2000) not null,
    monto         double        not null,
    codigo_poliza int           not null,
    anexo         varchar(150)  not null,
    estado        int           not null,
    foreign key (codigo_poliza) references poliza (codigo) on update cascade,
    foreign key (estado) references estado (id_estado)
);

drop table if exists reporte;
create table if not exists reporte
(
    id_reporte int auto_increment primary key,
    fecha      date         not null,
    titulo     varchar(45)  not null,
    archivo    varchar(150) not null,
    usuario    varchar(20)  not null,
    foreign key (usuario) references usuario (documento)
);

use Perez_Lara_Cia_LTDA;

drop view if exists view_usuario;
create view view_usuario as
select documento                                                                               as `No. Documento`,
       concat(primer_nombre, ' ', segundo_nombre, ' ', primer_apellido, ' ', segundo_apellido) as Nombre,
       email                                                                                   as Email,
       celular                                                                                 as Celular,
       t2.tipo_usuario                                                                         as Rol
from usuario
         inner join tipo_documento t on usuario.tipo_documento = t.id_tipo_documento
         inner join tipo_usuario t2 on usuario.tipo_usuario = t2.id_tipo_usuario
         inner join estado e on usuario.estado = e.id_estado
order by Nombre;

drop view if exists view_cliente;
create view view_cliente as
select t.id_tipo_documento                                                                     as id_tipo_documento,
       t.descripcion_documento                                                                 as descripcion_documento,
       concat(t.abreviacion,' ',documento)                                                     as `No. Documento`,
       concat(primer_nombre, ' ', segundo_nombre, '&', primer_apellido, ' ', segundo_apellido) as Cliente,
       d.id_departamento                                                                       as id_departamento,
       d.departamento                                                                          as Departamento,
       cliente.ciudad                                                                          as id_ciudad,
       c.ciudad                                                                                as Ciudad,
       concat(direccion1,'&', direccion2)                                                      as Direccion,
       fecha_nacimiento                                                                        as `Fecha de nacimiento`,
       email                                                                                   as Email,
       concat(telefono1,'&', telefono2)                                                        as Telefono,
       fecha_ingreso                                                                           as `Fecha ingreso`,
       e.estado                                                                                as Estado
from cliente
         inner join tipo_documento t on cliente.tipo_documento = t.id_tipo_documento
         inner join ciudad c on cliente.ciudad = c.id_ciudad
         inner join departamento d on c.departamento = d.id_departamento
         inner join estado e on cliente.estado = e.id_estado
where cliente.estado <> 2;



drop view if exists view_cotizacion;
create view view_cotizacion as
select id_cotizacion                                                                                   as `No. Cotizacion`,
       fecha                                                                                           as Fecha,
       concat(c.primer_nombre, ' ', c.segundo_nombre, ' ', c.primer_apellido, ' ', c.segundo_apellido) as Cliente,
       cotizacion.seguro                                                                               as id_seguro,
       s.seguro                                                                                        as Seguro,
       group_concat(a2.id_aseguradora)                                                                 as id_aseguradora,
       group_concat(a2.aseguradora)                                                                    as nombre_aseguradora,
       group_concat(a2.logo)                                                                           as Aseguradora,
       cuadro_comparativo                                                                              as `Cuadro comparativo`,
       e.estado                                                                                        as Estado
from cotizacion
         inner join cliente c on cotizacion.documento_cliente = c.documento
         inner join seguro s on cotizacion.seguro = s.id_seguro
         inner join aseguradora_cotizante a on cotizacion.id_cotizacion = a.cotizacion
         inner join aseguradora a2 on a.aseguradora = a2.id_aseguradora
         inner join estado e on cotizacion.estado = e.id_estado
group by id_cotizacion;

drop view if exists view_poliza;
create view view_poliza as
select codigo                                                                                  as `Codigo poliza`,
       fecha                                                                                   as Fecha,
       documento_cliente                                                                       as Documento,
       concat(primer_nombre, ' ', segundo_nombre, ' ', primer_apellido, ' ', segundo_apellido) as Cliente,
       poliza.seguro                                                                           as id_seguro,
       s.seguro                                                                                as Seguro,
       poliza.aseguradora                                                                      as id_aseguradora,
       a.aseguradora                                                                           as nombre_aseguradora,
       a.logo                                                                                  as Aseguradora,
       archivo                                                                                 as Archivo,
       valor_asegurado                                                                         as `Valor asegurado`,
       valor_prima                                                                             as `Valor prima`,
       e.estado                                                                                as Estado
from poliza
         inner join cliente c on poliza.documento_cliente = c.documento
         inner join seguro s on poliza.seguro = s.id_seguro
         inner join aseguradora a on poliza.aseguradora = a.id_aseguradora
         inner join estado e on poliza.estado = e.id_estado
order by `Codigo poliza`;

drop view if exists view_siniestro;
create view view_siniestro as
select id_siniestro                                                                            as `No. Referencia`,
       siniestro.fecha                                                                         as Fecha,
       codigo                                                                                  as `Codigo poliza`,
       concat(primer_nombre, ' ', segundo_nombre, ' ', primer_apellido, ' ', segundo_apellido) as Cliente,
       p.seguro                                                                                as id_seguro,
       s.seguro                                                                                as Seguro,
       p.aseguradora                                                                           as id_aseguradora,
       a.aseguradora                                                                           as nombre_aseguradora,
       a.logo                                                                                  as Aseguradora,
       monto                                                                                   as Monto,
       anexo                                                                                   as Anexo,
       descripcion                                                                             as Observaciones,
       siniestro.estado                                                                        as id_estado,
       e.estado                                                                                as Estado
from siniestro
         inner join poliza p on siniestro.codigo_poliza = p.codigo
         inner join seguro s on p.seguro = s.id_seguro
         inner join aseguradora a on p.aseguradora = a.id_aseguradora
         inner join cliente c on p.documento_cliente = c.documento
         inner join estado e on siniestro.estado = e.id_estado
order by `No. Referencia`;

drop view if exists view_reporte;
create view view_reporte as
select id_reporte                                                                                      as `No. Reporte`,
       fecha                                                                                           as Fecha,
       titulo                                                                                          as Nombre,
       archivo                                                                                         as `Reporte`,
       concat(u.primer_nombre, ' ', u.segundo_nombre, ' ', u.primer_apellido, ' ', u.segundo_apellido) as `Generado por`
from reporte
         inner join usuario u on reporte.usuario = u.documento
order by `No. Reporte`;

use Perez_Lara_Cia_LTDA;

/* Usuarios
   =========== */
drop procedure if exists `sp_insert_usuario`;
create procedure `sp_insert_usuario`(in `_documento` varchar(20), in `_primer_nombre` varchar(45),
                                     in `_segundo_nombre` varchar(45), in `_primer_apellido` varchar(45),
                                     in `_segundo_apellido` varchar(45), in `_celular` varchar(15),
                                     in `_email` varchar(76), in `_clave` varchar(256), in _foto_perfil varchar(45),
                                     in `_tipo_documento` int(3),
                                     in `_tipo_usuario` int(3), in `_estado_usuario` int(3))
insert into usuario (documento, primer_nombre, segundo_nombre, primer_apellido, segundo_apellido, celular, email, clave,
                     foto_perfil, tipo_documento, tipo_usuario, estado)
values (_documento, _primer_nombre, _segundo_nombre, _primer_apellido, _segundo_apellido, _celular, _email,
        AES_ENCRYPT(_clave, 'colombia123'), _foto_perfil, _tipo_documento, _tipo_usuario, _estado_usuario);

drop procedure if exists `sp_update_usuario`;
create procedure `sp_update_usuario`(in `_documento` varchar(20), in `_documento2` varchar(20), in `_primer_nombre` varchar(45),
                                     in `_segundo_nombre` varchar(45), in `_primer_apellido` varchar(45),
                                     in `_segundo_apellido` varchar(45), in `_celular` varchar(15),
                                     in `_email` varchar(76), in `_clave` varchar(256), in _foto_perfil varchar(45),
                                     in `_tipo_documento` int(3))
update usuario set
documento = _documento2,
primer_nombre = _primer_nombre,
segundo_nombre = _segundo_nombre,
primer_apellido = _primer_apellido,
segundo_apellido = _segundo_apellido,
celular = _celular,
email = _email,
clave = AES_ENCRYPT(_clave,'colombia123'),
foto_perfil = _foto_perfil,
tipo_documento = _tipo_documento
where documento = _documento;

/* Clientes
   =========== */
drop procedure if exists `sp_insert_cliente`;
create procedure sp_insert_cliente(in `_documento` varchar(20), in `_primer_nombre` varchar(45),
                                   in `_segundo_nombre` varchar(45), in `_primer_apellido` varchar(45),
                                   in `_segundo_apellido` varchar(45), in `_fecha_nacimiento` date,
                                   in `_email` varchar(76), in `_telefono1` varchar(15), in `_telefono2` varchar(15),
                                   in `_direccion1` varchar(100), in `_direccion2` varchar(100),
                                   in `_tipo_documento` int,
                                   in `_ciudad` int, in `_estado_cliente` int, in `_fecha_ingreso` date)
insert into cliente (documento, primer_nombre, segundo_nombre, primer_apellido, segundo_apellido, fecha_nacimiento,
                     email, telefono1, telefono2, direccion1, direccion2, tipo_documento, ciudad, estado, fecha_ingreso)
values (_documento, _primer_nombre, _segundo_nombre, _primer_apellido, _segundo_apellido, _fecha_nacimiento, _email,
        _telefono1, _telefono2, _direccion1, _direccion2, _tipo_documento, _ciudad, _estado_cliente, _fecha_ingreso);


drop procedure if exists `sp_update_cliente`;
create procedure sp_update_cliente(in `_documento` varchar(20), in `_documento2` varchar(20),
                                   in `_primer_nombre` varchar(45),
                                   in `_segundo_nombre` varchar(45), in `_primer_apellido` varchar(45),
                                   in `_segundo_apellido` varchar(45), in `_fecha_nacimiento` date,
                                   in `_email` varchar(76), in `_telefono1` varchar(15), in `_telefono2` varchar(15),
                                   in `_direccion1` varchar(100), in `_direccion2` varchar(100),
                                   in `_tipo_documento` int,
                                   in `_ciudad` int)
update cliente
set documento        = _documento2,
    primer_nombre    = _primer_nombre,
    segundo_nombre   = _segundo_nombre,
    primer_apellido  = _primer_apellido,
    segundo_apellido = _segundo_apellido,
    fecha_nacimiento = _fecha_nacimiento,
    email            = _email,
    telefono1        = _telefono1,
    telefono2        = _telefono2,
    direccion1       = _direccion1,
    direccion2       = _direccion2,
    tipo_documento   = _tipo_documento,
    ciudad           = _ciudad
where documento = _documento;

use perez_lara_cia_ltda;
drop procedure if exists `sp_delete_cliente`;
create procedure `sp_delete_cliente`(in _documento varchar(20))
update cliente set estado = 2 where documento = _documento;


/* Aseguradoras
   =========== */
drop procedure if exists `sp_insert_aseguradora`;
create procedure `sp_insert_aseguradora`(in `_aseguradora` varchar(45), in `_logo` varchar(150))
insert into aseguradora (aseguradora, logo) values (_aseguradora,_logo);

drop procedure if exists `sp_update_aseguradora`;
create procedure `sp_update_aseguradora`(in `_id_aseguradora` int, in `_aseguradora` varchar(45), in `_logo` varchar(150))
update aseguradora set aseguradora = _aseguradora, logo = _logo where id_aseguradora = _id_aseguradora;

drop procedure if exists `sp_delete_aseguradora`;
create procedure `sp_delete_aseguradora`(in `_id_aseguradora` int)
update seguro_aseguradora set estado = 2 where aseguradora = _id_aseguradora;

/* Seguro
   =========== */
drop procedure if exists `sp_insert_seguro`;
create procedure `sp_insert_seguro`(in `_seguro` varchar(45),`_imagen` varchar(150))
insert into seguro (seguro, imagen) values (_seguro,_imagen);

drop procedure if exists `sp_update_seguro`;
create procedure `sp_update_seguro`(in `_id_seguro` int , in `_seguro` varchar(45), `_imagen` varchar(150))
update seguro set seguro = _seguro, imagen = _imagen where id_seguro = _id_seguro;

drop procedure if exists `sp_delete_seguro`;
create procedure `sp_delete_seguro`(in `_id_seguro` int)
update seguro_aseguradora set estado = 2 where seguro = _id_seguro;

/* Seguros de aseguradora
   =========== */



/* Cotizaciones
   =========== */
drop procedure if exists `sp_insert_cotizacion`;
create procedure sp_insert_cotizacion(in `_documento_cliente` varchar(11), in `_fecha` date, in `_seguro` int,
                                      in `_cuadro_comparativo` varchar(150), in `_estado_cotizacion` int)
insert into cotizacion (documento_cliente, fecha, seguro, cuadro_comparativo, estado)
values (_documento_cliente, _fecha, _seguro, _cuadro_comparativo, _estado_cotizacion);


drop procedure if exists `sp_update_cotizacion`;
create procedure sp_update_cotizacion(in `_id_cotizacion` int, in `_documento_cliente` varchar(11), in `_fecha` date,
                                      in `_seguro` int, in `_cuadro_comparativo` varchar(150),
                                      in `_estado_cotizacion` int, in `_fecha_actualizacion` date)
update cotizacion
SET documento_cliente   = _documento_cliente,
    fecha               = _fecha,
    seguro              = _seguro,
    cuadro_comparativo  = _cuadro_comparativo,
    estado              = _estado_cotizacion,
    fecha_actualizacion = _fecha_actualizacion
where id_cotizacion = _id_cotizacion;


/* Pólizas
   =========== */
drop procedure if exists `sp_insert_poliza`;
create procedure sp_insert_poliza(IN _codigo int(45), IN _documento_cliente varchar(11),
                                  IN _fecha date, IN _seguro int, IN _aseguradora int,
                                  IN _valor_asegurado double, IN _valor_prima double,
                                  IN _archivo varchar(150), IN _estado_poliza int)
insert into poliza (codigo, documento_cliente, fecha, seguro, aseguradora,valor_asegurado,valor_prima, archivo, estado)
values (_codigo, _documento_cliente, _fecha, _seguro, _aseguradora,_valor_asegurado,_valor_prima, _archivo, _estado_poliza);



drop procedure if exists `sp_update_poliza`;

create procedure sp_update_poliza(IN _codigo int(45),IN _codigo2 int(45), IN _documento_cliente varchar(11),
                                                        IN _seguro int, IN _aseguradora int,
                                                        IN _valor_asegurado double, IN _valor_prima double,
                                                        IN _archivo varchar(150), IN _estado_poliza int,
                                                        IN _fecha_actualizacion date)
update poliza
SET codigo              = _codigo2,
    documento_cliente   = _documento_cliente,
    seguro              = _seguro,
    aseguradora         = _aseguradora,
    valor_asegurado     = _valor_asegurado,
    valor_prima         = _valor_prima,
    archivo             = _archivo,
    estado              = _estado_poliza,
    fecha_actualizacion = _fecha_actualizacion
where codigo = _codigo;


/* Siniestros
   =========== */
drop procedure if exists `sp_insert_siniestro`;
create procedure sp_insert_siniestro(in `_fecha` date, in `_descripcion` varchar(2000), in `_monto` double,
                                     in `_codigo_poliza` int, in `_anexo` varchar(150), in `_estado_siniestro` int)
insert into siniestro (fecha, descripcion, monto, codigo_poliza, anexo, estado)
values (_fecha, _descripcion, _monto, _codigo_poliza, _anexo, _estado_siniestro);


drop procedure if exists `sp_update_siniestro`;
create procedure sp_update_siniestro(in `_id_siniestro` int, in `_fecha` date, in `_descripcion` varchar(2000),
                                     in `_monto` double, in `_codigo_poliza` int, in `_anexo` varchar(150),
                                     in `_estado_siniestro` int)
update siniestro
SET fecha         = _fecha,
    descripcion   = _descripcion,
    monto         = _monto,
    codigo_poliza = _codigo_poliza,
    anexo         = _anexo,
    estado        = _estado_siniestro
where id_siniestro = _id_siniestro;

use Perez_Lara_Cia_LTDA;

insert into tipo_documento (descripcion_documento, abreviacion)
values ('Cédula de Ciudadanía', 'CC'),
       ('Cédula de Extranjería', 'CE'),
       ('Tarjeta de identidad', 'TI'),
       ('Pasaporte', 'PA');

insert into estado (estado)
values ('Activo'),
       ('Inactivo'),
       ('Potencial'),
       ('Aceptada'),
       ('Rechazada'),
       ('No vigente'),
       ('Vigente'),
       ('Proxima a vencer'),
       ('Pendiente'),
       ('Completado'),
       ('Urgente');

insert into tipo_usuario (tipo_usuario)
values (0),
       (1);

insert into usuario
values ('0', 'Admin', '', 'Perez', 'Lara', '0', 'admin@perezlara.com', 'adminperezlara',
        'http://http://localhost/perezlara/resources/icons/buttons/profile.svg', 1, 1, 1);

insert into departamento (departamento)
values ('Amazonas'),
       ('Antioquia'),
       ('Arauca'),
       ('Archipiélago de San Andrés,Providencia y Santa Catalina'),
       ('Atlántico'),
       ('BOGOTA D.C.'),
       ('Bolívar'),
       ('Boyacá'),
       ('Caldas'),
       ('Caquetá'),
       ('Casanare'),
       ('Cauca'),
       ('Cesar'),
       ('Chocó'),
       ('Córdoba'),
       ('Cundinamarca'),
       ('Guainía'),
       ('Guaviare'),
       ('Huila'),
       ('La Guajira'),
       ('Magdalena'),
       ('Meta'),
       ('Nariño'),
       ('Norte de Santander'),
       ('Putumayo'),
       ('Quindio'),
       ('Risaralda'),
       ('Santander'),
       ('Sucre'),
       ('Tolima'),
       ('Valle del Cauca'),
       ('Vaupés'),
       ('Vichada');

insert into ciudad (ciudad, departamento)
values ('El Encanto', 1),
       ('La Chorrera', 1),
       ('La Pedrera', 1),
       ('La Victoria', 1),
       ('Leticia', 1),
       ('Miriti - Parana', 1),
       ('Puerto Alegria', 1),
       ('Puerto Arica', 1),
       ('Puerto Nariño', 1),
       ('Puerto Santander', 1),
       ('Tarapaca', 1),
       ('Abejorral', 2),
       ('Abriaqui', 2),
       ('Alejandria', 2),
       ('Amaga', 2),
       ('Amalfi', 2),
       ('Andes', 2),
       ('Angelopolis', 2),
       ('Angostura', 2),
       ('Anori', 2),
       ('Anza', 2),
       ('Apartado', 2),
       ('Arboletes', 2),
       ('Argelia', 2),
       ('Armenia', 2),
       ('Barbosa', 2),
       ('Bello', 2),
       ('Belmira', 2),
       ('Betania', 2),
       ('Betulia', 2),
       ('Briceño', 2),
       ('Buritica', 2),
       ('Caceres', 2),
       ('Caicedo', 2),
       ('Caldas', 2),
       ('Campamento', 2),
       ('Cañasgordas', 2),
       ('Caracoli', 2),
       ('Caramanta', 2),
       ('Carepa', 2),
       ('Carolina', 2),
       ('Caucasia', 2),
       ('Chigorodo', 2),
       ('Cisneros', 2),
       ('Ciudad Bolivar', 2),
       ('Cocorna', 2),
       ('Concepcion', 2),
       ('Concordia', 2),
       ('Copacabana', 2),
       ('Dabeiba', 2),
       ('Don Matias', 2),
       ('Ebejico', 2),
       ('El Bagre', 2),
       ('El Carmen De Viboral', 2),
       ('El Santuario', 2),
       ('Entrerrios', 2),
       ('Envigado', 2),
       ('Fredonia', 2),
       ('Frontino', 2),
       ('Giraldo', 2),
       ('Girardota', 2),
       ('Gomez Plata', 2),
       ('Granada', 2),
       ('Guadalupe', 2),
       ('Guarne', 2),
       ('Guatape', 2),
       ('Heliconia', 2),
       ('Hispania', 2),
       ('Itagüi', 2),
       ('Ituango', 2),
       ('Jardin', 2),
       ('Jerico', 2),
       ('La Ceja', 2),
       ('La Estrella', 2),
       ('La Pintada', 2),
       ('La Union', 2),
       ('Liborina', 2),
       ('Maceo', 2),
       ('Marinilla', 2),
       ('Medellin', 2),
       ('Montebello', 2),
       ('Murindo', 2),
       ('Mutata', 2),
       ('Nariño', 2),
       ('Nechi', 2),
       ('Necocli', 2),
       ('Olaya', 2),
       ('Peñol', 2),
       ('Peque', 2),
       ('Pueblorrico', 2),
       ('Puerto Berrio', 2),
       ('Puerto Nare', 2),
       ('Puerto Triunfo', 2),
       ('Remedios', 2),
       ('Retiro', 2),
       ('Rionegro', 2),
       ('Sabanalarga', 2),
       ('Sabaneta', 2),
       ('Salgar', 2),
       ('San Andres', 2),
       ('San Carlos', 2),
       ('San Francisco', 2),
       ('San Jeronimo', 2),
       ('San Jose De La Montaña', 2),
       ('San Juan De Uraba', 2),
       ('San Luis', 2),
       ('San Pedro', 2),
       ('San Pedro De Uraba', 2),
       ('San Rafael', 2),
       ('San Roque', 2),
       ('San Vicente', 2),
       ('Santa Barbara', 2),
       ('Santa Rosa De Osos', 2),
       ('Santafe De Antioquia', 2),
       ('Santo Domingo', 2),
       ('Segovia', 2),
       ('Sonson', 2),
       ('Sopetran', 2),
       ('Tamesis', 2),
       ('Taraza', 2),
       ('Tarso', 2),
       ('Titiribi', 2),
       ('Toledo', 2),
       ('Turbo', 2),
       ('Uramita', 2),
       ('Urrao', 2),
       ('Valdivia', 2),
       ('Valparaiso', 2),
       ('Vegachi', 2),
       ('Venecia', 2),
       ('Vigia Del Fuerte', 2),
       ('Yali', 2),
       ('Yarumal', 2),
       ('Yolombo', 2),
       ('Yondo', 2),
       ('Zaragoza', 2),
       ('Arauca', 3),
       ('Arauquita', 3),
       ('Cravo Norte', 3),
       ('Fortul', 3),
       ('Puerto Rondon', 3),
       ('Saravena', 3),
       ('Tame', 3),
       ('Providencia', 4),
       ('San Andres', 4),
       ('Baranoa', 5),
       ('Barranquilla', 5),
       ('Campo De La Cruz', 5),
       ('Candelaria', 5),
       ('Galapa', 5),
       ('Juan De Acosta', 5),
       ('Luruaco', 5),
       ('Malambo', 5),
       ('Manati', 5),
       ('Palmar De Varela', 5),
       ('Piojo', 5),
       ('Polonuevo', 5),
       ('Ponedera', 5),
       ('Puerto Colombia', 5),
       ('Repelon', 5),
       ('Sabanagrande', 5),
       ('Sabanalarga', 5),
       ('Santa Lucia', 5),
       ('Santo Tomas', 5),
       ('Soledad', 5),
       ('Suan', 5),
       ('Tubara', 5),
       ('Usiacuri', 5),
       ('Bogota', 6),
       ('Achi', 7),
       ('Altos Del Rosario', 7),
       ('Arenal', 7),
       ('Arjona', 7),
       ('Arroyohondo', 7),
       ('Barranco De Loba', 7),
       ('Calamar', 7),
       ('Cantagallo', 7),
       ('Cartagena', 7),
       ('Cicuco', 7),
       ('Clemencia', 7),
       ('Cordoba', 7),
       ('El Carmen De Bolivar', 7),
       ('El Guamo', 7),
       ('El Peñon', 7),
       ('Hatillo De Loba', 7),
       ('Magangue', 7),
       ('Mahates', 7),
       ('Margarita', 7),
       ('Maria La Baja', 7),
       ('Mompos', 7),
       ('Montecristo', 7),
       ('Morales', 7),
       ('Pinillos', 7),
       ('Regidor', 7),
       ('Rio Viejo', 7),
       ('San Cristobal', 7),
       ('San Estanislao', 7),
       ('San Fernando', 7),
       ('San Jacinto', 7),
       ('San Jacinto Del Cauca', 7),
       ('San Juan Nepomuceno', 7),
       ('San Martin De Loba', 7),
       ('San Pablo', 7),
       ('Santa Catalina', 7),
       ('Santa Rosa', 7),
       ('Santa Rosa Del Sur', 7),
       ('Simiti', 7),
       ('Soplaviento', 7),
       ('Talaigua Nuevo', 7),
       ('Tiquisio', 7),
       ('Turbaco', 7),
       ('Turbana', 7),
       ('Villanueva', 7),
       ('Zambrano', 7),
       ('Almeida', 8),
       ('Aquitania', 8),
       ('Arcabuco', 8),
       ('Belen', 8),
       ('Berbeo', 8),
       ('Beteitiva', 8),
       ('Boavita', 8),
       ('Boyaca', 8),
       ('Briceño', 8),
       ('Buenavista', 8),
       ('Busbanza', 8),
       ('Caldas', 8),
       ('Campohermoso', 8),
       ('Cerinza', 8),
       ('Chinavita', 8),
       ('Chiquinquira', 8),
       ('Chiquiza', 8),
       ('Chiscas', 8),
       ('Chita', 8),
       ('Chitaraque', 8),
       ('Chivata', 8),
       ('Chivor', 8),
       ('Cienega', 8),
       ('Combita', 8),
       ('Coper', 8),
       ('Corrales', 8),
       ('Covarachia', 8),
       ('Cubara', 8),
       ('Cucaita', 8),
       ('Cuitiva', 8),
       ('Duitama', 8),
       ('El Cocuy', 8),
       ('El Espino', 8),
       ('Firavitoba', 8),
       ('Floresta', 8),
       ('Gachantiva', 8),
       ('Gameza', 8),
       ('Garagoa', 8),
       ('Guacamayas', 8),
       ('Guateque', 8),
       ('Guayata', 8),
       ('Güican', 8),
       ('Iza', 8),
       ('Jenesano', 8),
       ('Jerico', 8),
       ('La Capilla', 8),
       ('La Uvita', 8),
       ('La Victoria', 8),
       ('Labranzagrande', 8),
       ('Macanal', 8),
       ('Maripi', 8),
       ('Miraflores', 8),
       ('Mongua', 8),
       ('Mongui', 8),
       ('Moniquira', 8),
       ('Motavita', 8),
       ('Muzo', 8),
       ('Nobsa', 8),
       ('Nuevo Colon', 8),
       ('Oicata', 8),
       ('Otanche', 8),
       ('Pachavita', 8),
       ('Paez', 8),
       ('Paipa', 8),
       ('Pajarito', 8),
       ('Panqueba', 8),
       ('Pauna', 8),
       ('Paya', 8),
       ('Paz De Rio', 8),
       ('Pesca', 8),
       ('Pisba', 8),
       ('Puerto Boyaca', 8),
       ('Quipama', 8),
       ('Ramiriqui', 8),
       ('Raquira', 8),
       ('Rondon', 8),
       ('Saboya', 8),
       ('Sachica', 8),
       ('Samaca', 8),
       ('San Eduardo', 8),
       ('San Jose De Pare', 8),
       ('San Luis De Gaceno', 8),
       ('San Mateo', 8),
       ('San Miguel De Sema', 8),
       ('San Pablo De Borbur', 8),
       ('Santa Maria', 8),
       ('Santa Rosa De Viterbo', 8),
       ('Santa Sofia', 8),
       ('Santana', 8),
       ('Sativanorte', 8),
       ('Sativasur', 8),
       ('Siachoque', 8),
       ('Soata', 8),
       ('Socha', 8),
       ('Socota', 8),
       ('Sogamoso', 8),
       ('Somondoco', 8),
       ('Sora', 8),
       ('Soraca', 8),
       ('Sotaquira', 8),
       ('Susacon', 8),
       ('Sutamarchan', 8),
       ('Sutatenza', 8),
       ('Tasco', 8),
       ('Tenza', 8),
       ('Tibana', 8),
       ('Tibasosa', 8),
       ('Tinjaca', 8),
       ('Tipacoque', 8),
       ('Toca', 8),
       ('Togüi', 8),
       ('Topaga', 8),
       ('Tota', 8),
       ('Tunja', 8),
       ('Tunungua', 8),
       ('Turmeque', 8),
       ('Tuta', 8),
       ('Tutaza', 8),
       ('Umbita', 8),
       ('Ventaquemada', 8),
       ('Villa De Leyva', 8),
       ('Viracacha', 8),
       ('Zetaquira', 8),
       ('Aguadas', 9),
       ('Anserma', 9),
       ('Aranzazu', 9),
       ('Belalcazar', 9),
       ('Chinchina', 9),
       ('Filadelfia', 9),
       ('La Dorada', 9),
       ('La Merced', 9),
       ('Manizales', 9),
       ('Manzanares', 9),
       ('Marmato', 9),
       ('Marquetalia', 9),
       ('Marulanda', 9),
       ('Neira', 9),
       ('Norcasia', 9),
       ('Pacora', 9),
       ('Palestina', 9),
       ('Pensilvania', 9),
       ('Riosucio', 9),
       ('Risaralda', 9),
       ('Salamina', 9),
       ('Samana', 9),
       ('San Jose', 9),
       ('Supia', 9),
       ('Victoria', 9),
       ('Villamaria', 9),
       ('Viterbo', 9),
       ('Albania', 10),
       ('Belen De Los Andaquies', 10),
       ('Cartagena Del Chaira', 10),
       ('Curillo', 10),
       ('El Doncello', 10),
       ('El Paujil', 10),
       ('Florencia', 10),
       ('La Montañita', 10),
       ('Milan', 10),
       ('Morelia', 10),
       ('Puerto Rico', 10),
       ('San Jose De La Fragua', 10),
       ('San Vicente Del Caguan', 10),
       ('Solano', 10),
       ('Solita', 10),
       ('Valparaiso', 10),
       ('Aguazul', 11),
       ('Chameza', 11),
       ('Hato Corozal', 11),
       ('La Salina', 11),
       ('Mani', 11),
       ('Monterrey', 11),
       ('Nunchia', 11),
       ('Orocue', 11),
       ('Paz De Ariporo', 11),
       ('Pore', 11),
       ('Recetor', 11),
       ('Sabanalarga', 11),
       ('Sacama', 11),
       ('San Luis De Palenque', 11),
       ('Tamara', 11),
       ('Tauramena', 11),
       ('Trinidad', 11),
       ('Villanueva', 11),
       ('Yopal', 11),
       ('Almaguer', 12),
       ('Argelia', 12),
       ('Balboa', 12),
       ('Bolivar', 12),
       ('Buenos Aires', 12),
       ('Cajibio', 12),
       ('Caldono', 12),
       ('Caloto', 12),
       ('Corinto', 12),
       ('El Tambo', 12),
       ('Florencia', 12),
       ('Guapi', 12),
       ('Inza', 12),
       ('Jambalo', 12),
       ('La Sierra', 12),
       ('La Vega', 12),
       ('Lopez', 12),
       ('Mercaderes', 12),
       ('Miranda', 12),
       ('Morales', 12),
       ('Padilla', 12),
       ('Paez', 12),
       ('Patia', 12),
       ('Piamonte', 12),
       ('Piendamo', 12),
       ('Popayan', 12),
       ('Puerto Tejada', 12),
       ('Purace', 12),
       ('Rosas', 12),
       ('San Sebastian', 12),
       ('Santa Rosa', 12),
       ('Santander De Quilichao', 12),
       ('Silvia', 12),
       ('Sotara', 12),
       ('Suarez', 12),
       ('Sucre', 12),
       ('Timbio', 12),
       ('Timbiqui', 12),
       ('Toribio', 12),
       ('Totoro', 12),
       ('Villa Rica', 12),
       ('Aguachica', 13),
       ('Agustin Codazzi', 13),
       ('Astrea', 13),
       ('Becerril', 13),
       ('Bosconia', 13),
       ('Chimichagua', 13),
       ('Chiriguana', 13),
       ('Curumani', 13),
       ('El Copey', 13),
       ('El Paso', 13),
       ('Gamarra', 13),
       ('Gonzalez', 13),
       ('La Gloria', 13),
       ('La Jagua De Ibirico', 13),
       ('La Paz', 13),
       ('Manaure', 13),
       ('Pailitas', 13),
       ('Pelaya', 13),
       ('Pueblo Bello', 13),
       ('Rio De Oro', 13),
       ('San Alberto', 13),
       ('San Diego', 13),
       ('San Martin', 13),
       ('Tamalameque', 13),
       ('Valledupar', 13),
       ('Acandi', 14),
       ('Alto Baudo', 14),
       ('Atrato', 14),
       ('Bagado', 14),
       ('Bahia Solano', 14),
       ('Bajo Baudo', 14),
       ('Belen De Bajira', 14),
       ('Bojaya', 14),
       ('Carmen Del Darien', 14),
       ('Certegui', 14),
       ('Condoto', 14),
       ('El Canton Del San Pablo', 14),
       ('El Carmen De Atrato', 14),
       ('El Litoral Del San Juan', 14),
       ('Istmina', 14),
       ('Jurado', 14),
       ('Lloro', 14),
       ('Medio Atrato', 14),
       ('Medio Baudo', 14),
       ('Medio San Juan', 14),
       ('Novita', 14),
       ('Nuqui', 14),
       ('Quibdo', 14),
       ('Rio Iro', 14),
       ('Rio Quito', 14),
       ('Riosucio', 14),
       ('San Jose Del Palmar', 14),
       ('Sipi', 14),
       ('Tado', 14),
       ('Unguia', 14),
       ('Union Panamericana', 14),
       ('Ayapel', 15),
       ('Buenavista', 15),
       ('Canalete', 15),
       ('Cerete', 15),
       ('Chima', 15),
       ('Chinu', 15),
       ('Cienaga De Oro', 15),
       ('Cotorra', 15),
       ('La Apartada', 15),
       ('Lorica', 15),
       ('Los Cordobas', 15),
       ('Momil', 15),
       ('Montelibano', 15),
       ('Monteria', 15),
       ('Moñitos', 15),
       ('Planeta Rica', 15),
       ('Pueblo Nuevo', 15),
       ('Puerto Escondido', 15),
       ('Puerto Libertador', 15),
       ('Purisima', 15),
       ('Sahagun', 15),
       ('San Andres De Sotavento', 15),
       ('San Antero', 15),
       ('San Bernardo Del Viento', 15),
       ('San Carlos', 15),
       ('San Pelayo', 15),
       ('Tierralta', 15),
       ('Valencia', 15),
       ('Agua De Dios', 16),
       ('Alban', 16),
       ('Anapoima', 16),
       ('Anolaima', 16),
       ('Apulo', 16),
       ('Arbelaez', 16),
       ('Beltran', 16),
       ('Bituima', 16),
       ('Bojaca', 16),
       ('Cabrera', 16),
       ('Cachipay', 16),
       ('Cajica', 16),
       ('Caparrapi', 16),
       ('Caqueza', 16),
       ('Carmen De Carupa', 16),
       ('Chaguani', 16),
       ('Chia', 16),
       ('Chipaque', 16),
       ('Choachi', 16),
       ('Choconta', 16),
       ('Cogua', 16),
       ('Cota', 16),
       ('Cucunuba', 16),
       ('El Colegio', 16),
       ('El Peñon', 16),
       ('El Rosal', 16),
       ('Facatativa', 16),
       ('Fomeque', 16),
       ('Fosca', 16),
       ('Funza', 16),
       ('Fuquene', 16),
       ('Fusagasuga', 16),
       ('Gachala', 16),
       ('Gachancipa', 16),
       ('Gacheta', 16),
       ('Gama', 16),
       ('Girardot', 16),
       ('Granada', 16),
       ('Guacheta', 16),
       ('Guaduas', 16),
       ('Guasca', 16),
       ('Guataqui', 16),
       ('Guatavita', 16),
       ('Guayabal De Siquima', 16),
       ('Guayabetal', 16),
       ('Gutierrez', 16),
       ('Jerusalen', 16),
       ('Junin', 16),
       ('La Calera', 16),
       ('La Mesa', 16),
       ('La Palma', 16),
       ('La Peña', 16),
       ('La Vega', 16),
       ('Lenguazaque', 16),
       ('Macheta', 16),
       ('Madrid', 16),
       ('Manta', 16),
       ('Medina', 16),
       ('Mosquera', 16),
       ('Nariño', 16),
       ('Nemocon', 16),
       ('Nilo', 16),
       ('Nimaima', 16),
       ('Nocaima', 16),
       ('Pacho', 16),
       ('Paime', 16),
       ('Pandi', 16),
       ('Paratebueno', 16),
       ('Pasca', 16),
       ('Puerto Salgar', 16),
       ('Puli', 16),
       ('Quebradanegra', 16),
       ('Quetame', 16),
       ('Quipile', 16),
       ('Ricaurte', 16),
       ('San Antonio Del Tequendama', 16),
       ('San Bernardo', 16),
       ('San Cayetano', 16),
       ('San Francisco', 16),
       ('San Juan De Rio Seco', 16),
       ('Sasaima', 16),
       ('Sesquile', 16),
       ('Sibate', 16),
       ('Silvania', 16),
       ('Simijaca', 16),
       ('Soacha', 16),
       ('Sopo', 16),
       ('Subachoque', 16),
       ('Suesca', 16),
       ('Supata', 16),
       ('Susa', 16),
       ('Sutatausa', 16),
       ('Tabio', 16),
       ('Tausa', 16),
       ('Tena', 16),
       ('Tenjo', 16),
       ('Tibacuy', 16),
       ('Tibirita', 16),
       ('Tocaima', 16),
       ('Tocancipa', 16),
       ('Topaipi', 16),
       ('Ubala', 16),
       ('Ubaque', 16),
       ('Une', 16),
       ('Utica', 16),
       ('Venecia', 16),
       ('Vergara', 16),
       ('Viani', 16),
       ('Villa De San Diego De Ubate', 16),
       ('Villagomez', 16),
       ('Villapinzon', 16),
       ('Villeta', 16),
       ('Viota', 16),
       ('Yacopi', 16),
       ('Zipacon', 16),
       ('Zipaquira', 16),
       ('Barranco Minas', 17),
       ('Cacahual', 17),
       ('Inirida', 17),
       ('La Guadalupe', 17),
       ('Mapiripana', 17),
       ('Morichal', 17),
       ('Pana Pana', 17),
       ('Puerto Colombia', 17),
       ('San Felipe', 17),
       ('Calamar', 18),
       ('El Retorno', 18),
       ('Miraflores', 18),
       ('San Jose Del Guaviare', 18),
       ('Acevedo', 19),
       ('Agrado', 19),
       ('Aipe', 19),
       ('Algeciras', 19),
       ('Altamira', 19),
       ('Baraya', 19),
       ('Campoalegre', 19),
       ('Colombia', 19),
       ('Elias', 19),
       ('Garzon', 19),
       ('Gigante', 19),
       ('Guadalupe', 19),
       ('Hobo', 19),
       ('Iquira', 19),
       ('Isnos', 19),
       ('La Argentina', 19),
       ('La Plata', 19),
       ('Nataga', 19),
       ('Neiva', 19),
       ('Oporapa', 19),
       ('Paicol', 19),
       ('Palermo', 19),
       ('Palestina', 19),
       ('Pital', 19),
       ('Pitalito', 19),
       ('Rivera', 19),
       ('Saladoblanco', 19),
       ('San Agustin', 19),
       ('Santa Maria', 19),
       ('Suaza', 19),
       ('Tarqui', 19),
       ('Tello', 19),
       ('Teruel', 19),
       ('Tesalia', 19),
       ('Timana', 19),
       ('Villavieja', 19),
       ('Yaguara', 19),
       ('Albania', 20),
       ('Barrancas', 20),
       ('Dibulla', 20),
       ('Distraccion', 20),
       ('El Molino', 20),
       ('Fonseca', 20),
       ('Hatonuevo', 20),
       ('La Jagua Del Pilar', 20),
       ('Maicao', 20),
       ('Manaure', 20),
       ('Riohacha', 20),
       ('San Juan Del Cesar', 20),
       ('Uribia', 20),
       ('Urumita', 20),
       ('Villanueva', 20),
       ('Algarrobo', 21),
       ('Aracataca', 21),
       ('Ariguani', 21),
       ('Cerro San Antonio', 21),
       ('Chivolo', 21),
       ('Cienaga', 21),
       ('Concordia', 21),
       ('El Banco', 21),
       ('El Piñon', 21),
       ('El Reten', 21),
       ('Fundacion', 21),
       ('Guamal', 21),
       ('Nueva Granada', 21),
       ('Pedraza', 21),
       ('Pijiño Del Carmen', 21),
       ('Pivijay', 21),
       ('Plato', 21),
       ('Puebloviejo', 21),
       ('Remolino', 21),
       ('Sabanas De San Angel', 21),
       ('Salamina', 21),
       ('San Zenon', 21),
       ('Santa Ana', 21),
       ('Santa Barbara De Pinto', 21),
       ('Santa Marta', 21),
       ('Sitionuevo', 21),
       ('Tenerife', 21),
       ('Zapayan', 21),
       ('Zona Bananera', 21),
       ('San Sebastian', 21),
       ('Acacias', 22),
       ('Barranca De Upia', 22),
       ('Cabuyaro', 22),
       ('Castilla La Nueva', 22),
       ('Cubarral', 22),
       ('Cumaral', 22),
       ('El Calvario', 22),
       ('El Castillo', 22),
       ('El Dorado', 22),
       ('Fuente De Oro', 22),
       ('Granada', 22),
       ('Guamal', 22),
       ('La Macarena', 22),
       ('Lejanias', 22),
       ('Mapiripan', 22),
       ('Mesetas', 22),
       ('Puerto Concordia', 22),
       ('Puerto Gaitan', 22),
       ('Puerto Lleras', 22),
       ('Puerto Lopez', 22),
       ('Puerto Rico', 22),
       ('Restrepo', 22),
       ('San Carlos De Guaroa', 22),
       ('San Juan De Arama', 22),
       ('San Juanito', 22),
       ('San Martin', 22),
       ('Uribe', 22),
       ('Villavicencio', 22),
       ('Vista Hermosa', 22),
       ('Alban', 23),
       ('Aldana', 23),
       ('Ancuya', 23),
       ('Arboleda', 23),
       ('Barbacoas', 23),
       ('Belen', 23),
       ('Buesaco', 23),
       ('Chachagüi', 23),
       ('Colon', 23),
       ('Consaca', 23),
       ('Contadero', 23),
       ('Cordoba', 23),
       ('Cuaspud', 23),
       ('Cumbal', 23),
       ('Cumbitara', 23),
       ('El Charco', 23),
       ('El Peñol', 23),
       ('El Rosario', 23),
       ('El Tablon De Gomez', 23),
       ('El Tambo', 23),
       ('Francisco Pizarro', 23),
       ('Funes', 23),
       ('Guachucal', 23),
       ('Guaitarilla', 23),
       ('Gualmatan', 23),
       ('Iles', 23),
       ('Imues', 23),
       ('Ipiales', 23),
       ('La Cruz', 23),
       ('La Florida', 23),
       ('La Llanada', 23),
       ('La Tola', 23),
       ('La Union', 23),
       ('Leiva', 23),
       ('Linares', 23),
       ('Los Andes', 23),
       ('Magüi', 23),
       ('Mallama', 23),
       ('Mosquera', 23),
       ('Nariño', 23),
       ('Olaya Herrera', 23),
       ('Ospina', 23),
       ('Pasto', 23),
       ('Policarpa', 23),
       ('Potosi', 23),
       ('Providencia', 23),
       ('Puerres', 23),
       ('Pupiales', 23),
       ('Ricaurte', 23),
       ('Roberto Payan', 23),
       ('Samaniego', 23),
       ('San Bernardo', 23),
       ('San Lorenzo', 23),
       ('San Pablo', 23),
       ('San Pedro De Cartago', 23),
       ('Sandona', 23),
       ('Santa Barbara', 23),
       ('Santacruz', 23),
       ('Sapuyes', 23),
       ('Taminango', 23),
       ('Tangua', 23),
       ('Tumaco', 23),
       ('Tuquerres', 23),
       ('Yacuanquer', 23),
       ('Abrego', 24),
       ('Arboledas', 24),
       ('Bochalema', 24),
       ('Bucarasica', 24),
       ('Cachira', 24),
       ('Cacota', 24),
       ('Chinacota', 24),
       ('Chitaga', 24),
       ('Convencion', 24),
       ('Cucuta', 24),
       ('Cucutilla', 24),
       ('Durania', 24),
       ('El Carmen', 24),
       ('El Tarra', 24),
       ('El Zulia', 24),
       ('Gramalote', 24),
       ('Hacari', 24),
       ('Herran', 24),
       ('La Esperanza', 24),
       ('La Playa', 24),
       ('Labateca', 24),
       ('Los Patios', 24),
       ('Lourdes', 24),
       ('Mutiscua', 24),
       ('Ocaña', 24),
       ('Pamplona', 24),
       ('Pamplonita', 24),
       ('Puerto Santander', 24),
       ('Ragonvalia', 24),
       ('Salazar', 24),
       ('San Calixto', 24),
       ('San Cayetano', 24),
       ('Santiago', 24),
       ('Sardinata', 24),
       ('Silos', 24),
       ('Teorama', 24),
       ('Tibu', 24),
       ('Toledo', 24),
       ('Villa Caro', 24),
       ('Villa Del Rosario', 24),
       ('Colon', 25),
       ('Leguizamo', 25),
       ('Mocoa', 25),
       ('Orito', 25),
       ('Puerto Asis', 25),
       ('Puerto Caicedo', 25),
       ('Puerto Guzman', 25),
       ('San Francisco', 25),
       ('San Miguel', 25),
       ('Santiago', 25),
       ('Sibundoy', 25),
       ('Valle Del Guamuez', 25),
       ('Villagarzon', 25),
       ('Armenia', 26),
       ('Buenavista', 26),
       ('Calarca', 26),
       ('Circasia', 26),
       ('Cordoba', 26),
       ('Filandia', 26),
       ('Genova', 26),
       ('La Tebaida', 26),
       ('Montenegro', 26),
       ('Pijao', 26),
       ('Quimbaya', 26),
       ('Salento', 26),
       ('Apia', 27),
       ('Balboa', 27),
       ('Belen De Umbria', 27),
       ('Dosquebradas', 27),
       ('Guatica', 27),
       ('La Celia', 27),
       ('La Virginia', 27),
       ('Marsella', 27),
       ('Mistrato', 27),
       ('Pereira', 27),
       ('Pueblo Rico', 27),
       ('Quinchia', 27),
       ('Santa Rosa De Cabal', 27),
       ('Santuario', 27),
       ('Aguada', 28),
       ('Albania', 28),
       ('Aratoca', 28),
       ('Barbosa', 28),
       ('Barichara', 28),
       ('Barrancabermeja', 28),
       ('Betulia', 28),
       ('Bolivar', 28),
       ('Bucaramanga', 28),
       ('Cabrera', 28),
       ('California', 28),
       ('Capitanejo', 28),
       ('Carcasi', 28),
       ('Cepita', 28),
       ('Cerrito', 28),
       ('Charala', 28),
       ('Charta', 28),
       ('Chima', 28),
       ('Chipata', 28),
       ('Cimitarra', 28),
       ('Concepcion', 28),
       ('Confines', 28),
       ('Contratacion', 28),
       ('Coromoro', 28),
       ('Curiti', 28),
       ('El Carmen De Chucuri', 28),
       ('El Guacamayo', 28),
       ('El Peñon', 28),
       ('El Playon', 28),
       ('Encino', 28),
       ('Enciso', 28),
       ('Florian', 28),
       ('Floridablanca', 28),
       ('Galan', 28),
       ('Gambita', 28),
       ('Giron', 28),
       ('Guaca', 28),
       ('Guadalupe', 28),
       ('Guapota', 28),
       ('Guavata', 28),
       ('Güepsa', 28),
       ('Hato', 28),
       ('Jesus Maria', 28),
       ('Jordan', 28),
       ('La Belleza', 28),
       ('La Paz', 28),
       ('Landazuri', 28),
       ('Lebrija', 28),
       ('Los Santos', 28),
       ('Macaravita', 28),
       ('Malaga', 28),
       ('Matanza', 28),
       ('Mogotes', 28),
       ('Molagavita', 28),
       ('Ocamonte', 28),
       ('Oiba', 28),
       ('Onzaga', 28),
       ('Palmar', 28),
       ('Palmas Del Socorro', 28),
       ('Paramo', 28),
       ('Piedecuesta', 28),
       ('Pinchote', 28),
       ('Puente Nacional', 28),
       ('Puerto Parra', 28),
       ('Puerto Wilches', 28),
       ('Rionegro', 28),
       ('Sabana De Torres', 28),
       ('San Andres', 28),
       ('San Benito', 28),
       ('San Gil', 28),
       ('San Joaquin', 28),
       ('San Jose De Miranda', 28),
       ('San Miguel', 28),
       ('San Vicente De Chucuri', 28),
       ('Santa Barbara', 28),
       ('Santa Helena Del Opon', 28),
       ('Simacota', 28),
       ('Socorro', 28),
       ('Suaita', 28),
       ('Sucre', 28),
       ('Surata', 28),
       ('Tona', 28),
       ('Valle De San Jose', 28),
       ('Velez', 28),
       ('Vetas', 28),
       ('Villanueva', 28),
       ('Zapatoca', 28),
       ('Buenavista', 29),
       ('Caimito', 29),
       ('Chalan', 29),
       ('Coloso', 29),
       ('Corozal', 29),
       ('El Roble', 29),
       ('Galeras', 29),
       ('Guaranda', 29),
       ('La Union', 29),
       ('Los Palmitos', 29),
       ('Majagual', 29),
       ('Morroa', 29),
       ('Ovejas', 29),
       ('Palmito', 29),
       ('Sampues', 29),
       ('San Benito Abad', 29),
       ('San Juan De Betulia', 29),
       ('San Marcos', 29),
       ('San Onofre', 29),
       ('San Pedro', 29),
       ('Santiago De Tolu', 29),
       ('Since', 29),
       ('Sincelejo', 29),
       ('Sucre', 29),
       ('Toluviejo', 29),
       ('Alpujarra', 30),
       ('Alvarado', 30),
       ('Ambalema', 30),
       ('Anzoategui', 30),
       ('Armero', 30),
       ('Ataco', 30),
       ('Cajamarca', 30),
       ('Carmen De Apicala', 30),
       ('Casabianca', 30),
       ('Chaparral', 30),
       ('Coello', 30),
       ('Coyaima', 30),
       ('Cunday', 30),
       ('Dolores', 30),
       ('Espinal', 30),
       ('Falan', 30),
       ('Flandes', 30),
       ('Fresno', 30),
       ('Guamo', 30),
       ('Herveo', 30),
       ('Honda', 30),
       ('Ibague', 30),
       ('Icononzo', 30),
       ('Lerida', 30),
       ('Libano', 30),
       ('Mariquita', 30),
       ('Melgar', 30),
       ('Murillo', 30),
       ('Natagaima', 30),
       ('Ortega', 30),
       ('Palocabildo', 30),
       ('Piedras', 30),
       ('Planadas', 30),
       ('Prado', 30),
       ('Purificacion', 30),
       ('Rioblanco', 30),
       ('Roncesvalles', 30),
       ('Rovira', 30),
       ('Saldaña', 30),
       ('San Antonio', 30),
       ('San Luis', 30),
       ('Santa Isabel', 30),
       ('Suarez', 30),
       ('Valle De San Juan', 30),
       ('Venadillo', 30),
       ('Villahermosa', 30),
       ('Villarrica', 30),
       ('Alcala', 31),
       ('Andalucia', 31),
       ('Ansermanuevo', 31),
       ('Argelia', 31),
       ('Bolivar', 31),
       ('Buenaventura', 31),
       ('Bugalagrande', 31),
       ('Caicedonia', 31),
       ('Cali', 31),
       ('Calima', 31),
       ('Candelaria', 31),
       ('Cartago', 31),
       ('Dagua', 31),
       ('El Aguila', 31),
       ('El Cairo', 31),
       ('El Cerrito', 31),
       ('El Dovio', 31),
       ('Florida', 31),
       ('Ginebra', 31),
       ('Guacari', 31),
       ('Guadalajara De Buga', 31),
       ('Jamundi', 31),
       ('La Cumbre', 31),
       ('La Union', 31),
       ('La Victoria', 31),
       ('Obando', 31),
       ('Palmira', 31),
       ('Pradera', 31),
       ('Restrepo', 31),
       ('Riofrio', 31),
       ('Roldanillo', 31),
       ('San Pedro', 31),
       ('Sevilla', 31),
       ('Toro', 31),
       ('Trujillo', 31),
       ('Tulua', 31),
       ('Ulloa', 31),
       ('Versalles', 31),
       ('Vijes', 31),
       ('Yotoco', 31),
       ('Yumbo', 31),
       ('Zarzal', 31),
       ('Caruru', 32),
       ('Mitu', 32),
       ('Pacoa', 32),
       ('Papunaua', 32),
       ('Taraira', 32),
       ('Yavarate', 32),
       ('Cumaribo', 33),
       ('La Primavera', 33),
       ('Puerto Carreño', 33),
       ('Santa Rosalia', 33);

insert into aseguradora (aseguradora, logo)
values ('Allianz', 'resources/icons/aseguradoras/Allianz.svg'),
       ('HDI Seguros', 'resources/icons/aseguradoras/HDI_seguros.svg'),
       ('Liberty Seguros', 'resources/icons/aseguradoras/Liberty_seguros.svg'),
       ('MAPFRE', 'resources/icons/aseguradoras/Mapfre.svg'),
       ('SBS', 'resources/icons/aseguradoras/SBS.svg'),
       ('Seguros SURA', 'resources/icons/aseguradoras/SURA.svg'),
       ('ZURICH Seguros', 'resources/icons/aseguradoras/Zurich.svg');

insert into seguro (seguro, imagen)
values ('Arrendamiento', 'resources/icons/seguros/arrendamiento.svg'),
       ('Autos', 'resources/icons/seguros/autos.svg'),
       ('Copropiedades', 'resources/icons/seguros/copropiedades.svg'),
       ('Hogar', 'resources/icons/seguros/hogar.svg'),
       ('Mascotas', 'resources/icons/seguros/mascotas.svg'),
       ('Responsabilidad Civil', 'resources/icons/seguros/responsabilidadCivil.svg'),
       ('Vida', 'resources/icons/seguros/vida.svg');

insert into seguro_aseguradora (seguro, aseguradora,estado)
values (1, 1, 1),
       (2, 1, 1),
       (3, 1, 1),
       (4, 1, 1),
       (5, 1, 1),
       (6, 1, 1),
       (4, 2, 1),
       (5, 2, 1),
       (6, 2, 1),
       (2, 2, 1),
       (3, 3, 1),
       (7, 3, 1),
       (1, 4, 1),
       (5, 4, 1),
       (7, 4, 1);

insert into cliente
values ('564684', 'camila ', 'andrea', 'sanchez', '', '2022-03-04', 'camila@gmail.com', '51814984', '', 'cra 98', '', 1,
        1, 1, '2020-05-06'),
       ('585818', 'David', 'fernando', 'urrea', 'daza', '2022-03-18', 'juan@gmail.com', '2198259', '', 'cra 98b', '', 1,
        1, 2, '2020-05-06'),
       ('5184184', 'juan', 'sebastian', 'alarcon', '', '2022-03-01', 'juan@gmail.com', '31182215', '', 'cra 15 ',
        'calle 100', 2, 12, 2, '2020-05-06'),
       ('5196149', 'katherine', '', 'Cárdenas ', '', '2003-07-16', 'khaterine@gmail.com', '846848812', '', 'cra 125',
        '', 1, 12, 1, '2020-05-06'),
       ('8486414', 'juanes', 'fernando', 'urrea', '', '2022-03-03', 'daniel@gmail.com', '31182215', '', 'cra 200',
        'calle 100', 2, 3, 1, '2020-05-06'),
       ('51658418', 'oscar', 'gyovanny', 'lopez', '', '2022-03-19', 'oscar@gmail.com', '31528454', '', 'cra 15 ',
        'calle 100', 1, 12, 1, '2020-05-06'),
       ('1010760139', 'David', 'Santiago', 'caro', 'escobar', '2004-02-24', 'santiagocaro816@gmail.com', '31182215',
        '5109816', 'cra 200', 'calle 100', 1, 3, 1, '2020-05-06');

insert into cotizacion (documento_cliente, fecha, seguro, cuadro_comparativo, estado)
values ('564684', '2022-04-01', 1, 'cuadro comparativo', 4),
       ('585818', '2022-03-02', 2, 'cuadro comparativo', 5),
       ('5184184', '2022-03-23', 3, 'cuadro comparativo', 6),
       ('5196149', '2022-02-04', 4, 'cuadro comparativo', 7),
       ('8486414', '2022-02-05', 5, 'cuadro comparativo', 4),
       ('51658418', '2022-01-06', 6, 'cuadro comparativo', 7),
       ('1010760139', '2021-01-08', 7, 'cuadro comparativo', 6);

insert into aseguradora_cotizante (cotizacion, aseguradora, valor_prima)
values (1, 1, 40000000),
       (1, 2, 40000000),
       (1, 4, 40000000),
       (2, 1, 40000000),
       (2, 5, 40000000),
       (3, 6, 40000000),
       (3, 7, 40000000),
       (4, 2, 40000000),
       (4, 3, 40000000),
       (4, 4, 40000000),
       (5, 5, 40000000),
       (5, 7, 40000000),
       (6, 1, 40000000),
       (6, 2, 40000000),
       (6, 6, 40000000),
       (7, 2, 40000000),
       (7, 5, 40000000);

insert into cobertura (cobertura)
values ('Responsabilidad civil extracontractual'),
       ('Daños a bienes de terceros'),
       ('Muerte o lesión a una persona'),
       ('Muerte o lesión a dos o más personas'),
       ('Perdida parcial por daños'),
       ('Perdida total por daños'),
       ('Perdida parcial por hurto'),
       ('Protección patrimonial'),
       ('Asistencia en viaje'),
       ('Accidentes personales'),
       ('Asistencia juridica'),
       ('Financiación');

insert into cobertura_cotizacion (id_aseguradora_cotizante, id_cobertura, precio, deducible)
values (1, 1, '', ''),
       (1, 2, '', ''),
       (1, 3, '', ''),
       (2, 1, '', ''),
       (2, 2, '', ''),
       (2, 3, '', ''),
       (3, 1, '', ''),
       (3, 2, '', ''),
       (3, 3, '', ''),
       (4, 10, '', ''),
       (4, 11, '', ''),
       (4, 12, '', ''),
       (5, 10, '', ''),
       (5, 11, '', ''),
       (5, 12, '', ''),
       (6, 4, '', ''),
       (6, 5, '', ''),
       (6, 6, '', ''),
       (7, 4, '', ''),
       (7, 5, '', ''),
       (7, 6, '', ''),
       (8, 7, '', ''),
       (8, 8, '', ''),
       (8, 9, '', ''),
       (9, 7, '', ''),
       (9, 8, '', ''),
       (9, 9, '', ''),
       (10, 7, '', ''),
       (10, 8, '', ''),
       (10, 9, '', ''),
       (11, 10, '', ''),
       (11, 11, '', ''),
       (11, 12, '', ''),
       (12, 10, '', ''),
       (12, 11, '', ''),
       (12, 12, '', ''),
       (13, 1, '', ''),
       (13, 2, '', ''),
       (13, 3, '', ''),
       (14, 1, '', ''),
       (14, 2, '', ''),
       (14, 3, '', ''),
       (15, 1, '', ''),
       (15, 2, '', ''),
       (15, 3, '', ''),
       (16, 4, '', ''),
       (16, 5, '', ''),
       (16, 6, '', ''),
       (16, 4, '', ''),
       (16, 5, '', ''),
       (16, 6, '', '');

insert into poliza (codigo, documento_cliente, fecha, seguro, aseguradora, valor_asegurado, valor_prima, archivo,
                    estado)
values ('13', '585818', '2022-04-01', 7, 2, 1000000, 10000, 'Póliza', 7),
       ('213', '5184184', '2022-03-02', 6, 3, 323123, 4544, 'Póliza', 8),
       ('214', '5196149', '2022-03-23', 5, 5, 86766587, 13123, 'Póliza', 5),
       ('456', '8486414', '2022-02-04', 4, 1, 90000000, 3456000, 'Póliza', 7),
       ('476', '51658418', '2022-02-05', 3, 6, 2300000, 100000, 'Póliza', 8),
       ('643', '1010760139', '2022-01-06', 2, 7, 100000000, 3000000, 'Póliza', 5),
       ('219', '564684', '2021-01-08', 1, 4, 3545435453, 5454545, 'Póliza', 7);

insert into siniestro (fecha, descripcion, monto, codigo_poliza, anexo, estado)
values ('2022-01-5', 'Accidente automovilistico', 10000, 13, 'Anexo', 9),
       ('2022-02-5', 'Accidente automovilistico', 22222, 213, 'Anexo', 10),
       ('2022-03-5', 'Accidente automovilistico', 34324, 214, 'Anexo', 11),
       ('2022-04-5', 'Accidente automovilistico', 5454, 456, 'Anexo', 11),
       ('2022-05-5', 'Accidente automovilistico', 34234, 476, 'Anexo', 10),
       ('2022-06-5', 'Accidente automovilistico', 909090, 643, 'Anexo', 9),
       ('2022-07-5', 'Accidente automovilistico', 232333, 219, 'Anexo', 9);

insert into reporte (fecha, titulo, archivo, usuario)
values ('2022-01-5', 'Informe mensual', 'archivo', '0'),
       ('2022-02-5', 'Informe mensual', 'archivo', '0'),
       ('2022-03-5', 'Informe mensual', 'archivo', '0'),
       ('2022-04-5', 'Informe mensual', 'archivo', '0'),
       ('2022-05-5', 'Informe mensual', 'archivo', '0'),
       ('2022-06-5', 'Informe mensual', 'archivo', '0'),
       ('2022-07-5', 'Informe mensual', 'archivo', '0');